rouge,levenshtein,jaccard,cosine,label
0.4301075268817204,0.5155709342560554,0.2222222222222222,0.7019650837865592,1
0.35359116022099446,0.6535162950257289,0.17796610169491525,0.7285458414306458,1
0.4145077720207254,0.5778546712802768,0.23333333333333334,0.7880087018439158,1
0.3783783783783784,0.671280276816609,0.18333333333333332,0.8425358167966788,1
0.4293785310734464,0.6384083044982699,0.23148148148148148,0.8632916280596901,1
0.34636871508379885,0.6176470588235294,0.2,0.7754698271830515,1
0.3428571428571429,0.6470588235294118,0.1565217391304348,0.682960590823408,1
0.35802469135802467,0.5795847750865052,0.24509803921568626,0.8736475966589481,1
0.4022346368715084,0.5951557093425606,0.22608695652173913,0.8267113617908735,1
0.4324324324324324,0.6345514950166113,0.226890756302521,0.8061137020257987,1
0.3181818181818182,0.615916955017301,0.19298245614035087,0.7137156174964667,1
0.3176470588235294,0.6626297577854672,0.13675213675213677,0.6787445532354417,1
0.31952662721893493,0.6228373702422145,0.168141592920354,0.7443417052455537,1
0.3333333333333333,0.6678200692041523,0.16666666666666666,0.7260642244920257,1
0.28402366863905326,0.6799307958477508,0.15789473684210525,0.6695839150271301,1
0.30409356725146197,0.6608996539792388,0.2,0.6065012754297098,1
0.25287356321839083,0.7197231833910035,0.15966386554621848,0.7031667950114895,1
0.3333333333333333,0.6280276816608996,0.22018348623853212,0.7059968541841628,1
0.32727272727272727,0.6539792387543253,0.18181818181818182,0.6093338565430786,1
0.30057803468208094,0.6608996539792388,0.16379310344827586,0.699157309609085,1
0.04597701149425287,0.8062283737024222,0.007518796992481203,0.0776778443293076,1
0.012121212121212121,0.8269896193771626,0.007194244604316547,0.08583586840407084,1
0.04597701149425287,0.6972318339100346,0.007518796992481203,0.10980870024169243,1
0.28735632183908044,0.745674740484429,1.0,0.729079386598923,1
0.04597701149425287,0.7975778546712803,0.007518796992481203,0.07828753126089441,1
0.6436781609195402,0.6245674740484429,0.9420289855072463,0.9414968138527067,1
0.04597701149425287,0.8148788927335641,0.007518796992481203,0.07295588172474174,1
0.25287356321839083,0.7301038062283737,0.9420289855072463,0.762743412437985,1
0.012121212121212121,0.8166089965397924,0.007194244604316547,0.08465044926228901,1
0.22988505747126436,0.7525951557093425,0.9420289855072463,0.6898407858580038,1
0.3269230769230769,0.801038062283737,0.23880597014925373,0.8242368421702089,1
0.5737704918032787,0.6314878892733564,0.43283582089552236,0.7593175308124294,1
0.3584905660377358,0.759515570934256,0.2537313432835821,0.6553391169737967,1
0.3106796116504854,0.8131487889273357,0.22388059701492538,0.3622176343378706,1
0.29411764705882354,0.8079584775086506,0.19402985074626866,0.334953465263026,1
0.7659574468085107,0.3892733564013841,0.6567164179104478,0.8561345891642671,1
0.5737704918032787,0.5709342560553633,0.43283582089552236,0.6810261132825295,1
0.7482014388489209,0.42560553633217996,0.6268656716417911,0.9150392859467655,1
0.3888888888888889,0.7525951557093425,0.2835820895522388,0.3708001284639586,1
0.7482014388489209,0.43079584775086505,0.6716417910447762,0.9519911198519049,1
0.10101010101010101,0.9048442906574394,0.08333333333333333,0.48562305286384533,0
0.1212121212121212,0.8944636678200693,0.09859154929577464,0.739395979304349,0
0.06185567010309278,0.9117647058823529,0.0273972602739726,0.3913551089624734,0
0.05999999999999999,0.8823529411764706,0.05263157894736842,0.5270714298025823,0
0.09900990099009901,0.8875432525951558,0.05333333333333334,0.3886497384457086,0
0.08247422680412371,0.9083044982698962,0.0547945205479452,0.48782535281366657,0
0.1568627450980392,0.8737024221453287,0.07894736842105263,0.5486554765100045,0
0.10204081632653061,0.889273356401384,0.04,0.43697593311532906,0
0.08247422680412371,0.9152249134948097,0.04054054054054054,0.4016035164052291,0
0.09900990099009901,0.8771626297577855,0.06578947368421052,0.3677609990540386,0
0.10101010101010101,0.9048442906574394,0.08333333333333333,0.4973306511176382,0
0.0625,0.9273356401384083,0.04225352112676056,0.4026795390089241,0
0.0606060606060606,0.9065743944636678,0.05405405405405406,0.3531931635976196,0
0.10101010101010101,0.884083044982699,0.02631578947368421,0.22950450273795003,0
0.06122448979591836,0.8979238754325259,0.05405405405405406,0.4643987119088038,0
0.05999999999999999,0.8927335640138409,0.05333333333333334,0.47945093417116325,0
0.08247422680412371,0.8944636678200693,0.0547945205479452,0.4526278479866197,0
0.13592233009708737,0.8806228373702422,0.06578947368421052,0.4035664323632442,0
0.08,0.9048442906574394,0.0958904109589041,0.40576431379109146,0
0.06315789473684211,0.9290657439446367,0.041666666666666664,0.4516936834292138,0
0.0808080808080808,0.9100346020761245,0.05405405405405406,0.47036743215568055,0
0.0808080808080808,0.8910034602076125,0.06756756756756757,0.4250084358580997,0
0.04081632653061225,0.9083044982698962,0.04054054054054054,0.4687486609477839,0
0.10101010101010101,0.8927335640138409,0.05405405405405406,0.4136988439570849,0
0.08333333333333333,0.9134948096885813,0.0410958904109589,0.4246245228559059,0
0.09900990099009901,0.8979238754325259,0.039473684210526314,0.35115454341963037,0
0.11999999999999998,0.8927335640138409,0.0684931506849315,0.448086465012463,0
0.10101010101010101,0.8927335640138409,0.05333333333333334,0.42314071307254675,0
0.10204081632653061,0.8944636678200693,0.0684931506849315,0.4657630590096419,0
0.06122448979591836,0.9100346020761245,0.0684931506849315,0.45223931792052563,0
0.10101010101010101,0.8961937716262975,0.05405405405405406,0.5174941521882517,0
0.0808080808080808,0.8910034602076125,0.06756756756756757,0.42833220024745755,0
0.06185567010309278,0.9048442906574394,0.02702702702702703,0.39311876492623177,0
0.0816326530612245,0.8996539792387543,0.05405405405405406,0.40579508894745875,0
0.12244897959183672,0.8996539792387543,0.09859154929577464,0.6223240843349493,0
0.08247422680412371,0.9048442906574394,0.06944444444444445,0.3017043882229279,0
0.06315789473684211,0.9325259515570934,0.04225352112676056,0.40417722831887126,0
0.10309278350515463,0.9083044982698962,0.0410958904109589,0.29081656433935255,0
0.06185567010309278,0.903114186851211,0.02666666666666667,0.3530709633855207,0
0.041666666666666664,0.9117647058823529,0.0273972602739726,0.29866163974939475,0
0.0816326530612245,0.9134948096885813,0.05405405405405406,0.45215335599886664,0
0.05999999999999999,0.8823529411764706,0.0821917808219178,0.42046284713803955,0
0.0808080808080808,0.8927335640138409,0.04,0.4572580135999771,0
0.09803921568627451,0.8754325259515571,0.038461538461538464,0.3841022562708697,0
0.041666666666666664,0.9290657439446367,0.0410958904109589,0.37995016206167215,0
0.06315789473684211,0.9152249134948097,0.013513513513513514,0.3911610658182762,0
0.11999999999999998,0.8996539792387543,0.0684931506849315,0.4460403995602443,0
0.0808080808080808,0.8944636678200693,0.0684931506849315,0.4796653805335484,0
0.04081632653061225,0.9013840830449827,0.012987012987012988,0.41924500868014536,0
0.041237113402061855,0.8996539792387543,0.02702702702702703,0.43144401191624854,0
0.08247422680412371,0.9100346020761245,0.0547945205479452,0.45207166684189126,0
0.0606060606060606,0.8996539792387543,0.025974025974025976,0.4247359103167202,0
0.05999999999999999,0.884083044982699,0.05333333333333334,0.4334608782026146,0
0.0808080808080808,0.9048442906574394,0.06756756756756757,0.35990567405741336,0
0.0404040404040404,0.916955017301038,0.02666666666666667,0.13235977373975122,0
0.1680672268907563,0.7052896725440806,0.16312056737588654,0.6216993030679876,1
0.24166666666666667,0.6838790931989924,0.15172413793103448,0.7284458286337823,1
0.24034334763948495,0.6914357682619647,0.1897810218978102,0.7175827509715544,1
0.2649572649572649,0.6838790931989924,0.23308270676691728,0.81410357883547,1
0.24347826086956523,0.6788413098236776,0.23255813953488372,0.7690231837078425,1
0.358974358974359,0.6574307304785895,0.21804511278195488,0.8291529124070327,1
0.28813559322033894,0.7015113350125944,0.20588235294117646,0.7381171473263813,1
0.19383259911894274,0.7052896725440806,0.16666666666666666,0.7009091882825594,1
0.2605042016806723,0.6977329974811083,0.1527777777777778,0.7626111956350643,1
0.24034334763948495,0.6952141057934509,0.24060150375939848,0.7779067746246087,1
0.44106463878326996,0.5806045340050378,0.27972027972027974,0.9374860755521244,1
0.4941176470588235,0.5,0.3283582089552239,0.9590080600731166,1
0.4961832061068702,0.47858942065491183,0.3283582089552239,0.9495072979475807,1
0.5149253731343284,0.5226700251889169,0.29577464788732394,0.9528159621075188,1
0.5369649805447471,0.48614609571788414,0.3208955223880597,0.9645429770055436,1
0.45914396887159536,0.49622166246851385,0.3007518796992481,0.9548066119900884,1
0.4980842911877394,0.5214105793450882,0.3014705882352941,0.9571551020573077,1
0.4478764478764478,0.5453400503778337,0.2624113475177305,0.9379957752701258,1
0.46031746031746035,0.5491183879093199,0.2773722627737226,0.942019670250932,1
0.29629629629629634,0.6838790931989924,0.1619718309859155,0.7711589326938895,1
0.03496503496503497,0.8136020151133502,0.02247191011235955,0.12526950591291997,1
0.02857142857142857,0.809823677581864,0.004878048780487805,0.08451134028975293,1
0.06293706293706294,0.6977329974811083,0.02247191011235955,0.12799738718065223,1
0.21678321678321674,0.7355163727959698,1.0,0.8187010026181794,1
0.04895104895104895,0.7947103274559194,0.022727272727272728,0.13458240881889097,1
0.5804195804195804,0.47984886649874053,0.956989247311828,0.9937221815444809,1
0.23776223776223776,0.7248743718592965,0.9157894736842105,0.8361991542853145,1
0.26573426573426573,0.7311557788944724,0.9157894736842105,0.8099825525926546,1
0.24475524475524477,0.7386934673366834,0.9157894736842105,0.8056158831047959,1
0.03496503496503497,0.8027638190954773,0.02247191011235955,0.12769946349990274,1
0.32748538011695905,0.8136020151133502,0.26373626373626374,0.896890587626859,1
0.06756756756756757,0.9496221662468514,0.054945054945054944,0.3728228299604431,1
0.10596026490066224,0.9420654911838791,0.07692307692307693,0.4639944640708565,1
0.13071895424836602,0.929471032745592,0.0989010989010989,0.4619437004578359,1
0.22360248447204972,0.871536523929471,0.17582417582417584,0.54758272822052,1
0.245398773006135,0.8690176322418136,0.2087912087912088,0.6075028806178677,1
0.16666666666666669,0.9156171284634761,0.14285714285714285,0.5138357212911819,1
0.11842105263157895,0.9345088161209067,0.0989010989010989,0.42015179180386025,1
0.20125786163522014,0.8904282115869018,0.17582417582417584,0.45847973829823685,1
0.09333333333333334,0.9483627204030227,0.06593406593406594,0.31610332588645623,1
0.08053691275167786,0.9571788413098237,0.021052631578947368,0.6741053889886005,0
0.013698630136986302,0.9722921914357683,0.0,0.3040808552720035,0
0.04026845637583893,0.9659949622166247,0.010416666666666666,0.5762757446945531,0
0.052631578947368425,0.9408060453400504,0.030927835051546393,0.516331260678873,0
0.06578947368421052,0.9584382871536524,0.02040816326530612,0.6497361441813769,0
0.0272108843537415,0.9672544080604534,0.0,0.5439751274489406,0
0.0272108843537415,0.964735516372796,0.010638297872340425,0.4874223945073951,0
0.0272108843537415,0.9735516372795969,0.010638297872340425,0.5041334463511953,0
0.01360544217687075,0.9735516372795969,0.0,0.45347229764314956,0
0.0272108843537415,0.9785894206549118,0.010638297872340425,0.46365205667008647,0
0.06578947368421052,0.9584382871536524,0.02040816326530612,0.6453737589008557,0
0.013513513513513513,0.9609571788413098,0.010526315789473684,0.29177893526247933,0
0.013513513513513513,0.9609571788413098,0.0,0.2878172507161249,0
0.013513513513513513,0.9710327455919395,0.0,0.296739885802311,0
0.0272108843537415,0.9785894206549118,0.010638297872340425,0.43303729886710146,0
0.027027027027027025,0.9722921914357683,0.010638297872340425,0.4736546474746505,0
0.052631578947368425,0.9559193954659949,0.02040816326530612,0.6182982237545284,0
0.06622516556291391,0.9609571788413098,0.05319148936170213,0.5537796537079492,0
0.04081632653061225,0.9735516372795969,0.010638297872340425,0.3223231169244681,0
0.039735099337748346,0.9534005037783375,0.020618556701030927,0.5780052017256213,0
0.039735099337748346,0.9483627204030227,0.020618556701030927,0.49677759024179485,0
0.039735099337748346,0.964735516372796,0.042105263157894736,0.5291065251196184,0
0.026315789473684213,0.9433249370277078,0.030927835051546393,0.5650651124399018,0
0.026315789473684213,0.9534005037783375,0.030927835051546393,0.48775742675471695,0
0.0410958904109589,0.9748110831234257,0.0,0.27387681409998355,0
0.039473684210526314,0.9408060453400504,0.010101010101010102,0.492139505112524,0
0.051948051948051945,0.9319899244332494,0.02,0.47337190206333424,0
0.0392156862745098,0.9231738035264484,0.0,0.40898872675597564,0
0.013698630136986302,0.9760705289672544,0.0,0.2602932651743953,0
0.0522875816993464,0.9395465994962217,0.030612244897959183,0.5191475788970492,0
0.05298013245033112,0.9395465994962217,0.020618556701030927,0.5825493157312669,0
0.06535947712418301,0.9458438287153652,0.030612244897959183,0.5563098221491392,0
0.06535947712418301,0.9483627204030227,0.030612244897959183,0.5310897132678647,0
0.05298013245033112,0.9534005037783375,0.020618556701030927,0.5272005742704116,0
0.039999999999999994,0.9521410579345088,0.020833333333333332,0.5528231412346831,0
0.0522875816993464,0.9420654911838791,0.041237113402061855,0.5987924727387706,0
0.06535947712418301,0.9433249370277078,0.020202020202020204,0.5887422226340209,0
0.052631578947368425,0.9458438287153652,0.02040816326530612,0.5711052653584103,0
0.05333333333333333,0.9534005037783375,0.020833333333333332,0.5257907114553131,0
0.06535947712418301,0.9345088161209067,0.020202020202020204,0.5007392589374955,0
0.06535947712418301,0.9332493702770781,0.030612244897959183,0.5650908531032985,0
0.06578947368421052,0.9483627204030227,0.030927835051546393,0.5403070832251237,0
0.039735099337748346,0.9433249370277078,0.01020408163265306,0.6025411056305019,0
0.0522875816993464,0.9521410579345088,0.030612244897959183,0.6055509506276447,0
0.05298013245033112,0.9496221662468514,0.020618556701030927,0.5079458130943901,0
0.05298013245033112,0.9458438287153652,0.020618556701030927,0.6033853952460236,0
0.039735099337748346,0.9445843828715366,0.020618556701030927,0.5728578431768478,0
0.052631578947368425,0.9584382871536524,0.030927835051546393,0.526179023425354,0
0.46249999999999997,0.48826291079812206,0.26373626373626374,0.802625940913941,1
0.38926174496644295,0.6126760563380281,0.20430107526881722,0.7895701547232614,1
0.535031847133758,0.460093896713615,0.3218390804597701,0.8736452523966637,1
0.3439490445859873,0.6255813953488372,0.17,0.7523194870934461,1
0.46249999999999997,0.5469483568075117,0.26373626373626374,0.8179338376674984,1
0.3790849673202614,0.5774647887323944,0.18947368421052632,0.7671773842039578,1
0.4458598726114649,0.5539906103286385,0.2967032967032967,0.8190641579332882,1
0.3924050632911393,0.6443965517241379,0.22448979591836735,0.7636017160282871,1
0.4294478527607362,0.5751173708920188,0.2268041237113402,0.7617456905741452,1
0.33128834355828224,0.6015625,0.1588785046728972,0.7273791412023943,1
0.27814569536423844,0.704225352112676,0.14285714285714285,0.7084168992836111,1
0.31578947368421056,0.6267605633802817,0.1485148514851485,0.6918036711999551,1
0.3949044585987261,0.6338028169014085,0.21649484536082475,0.7062245709403241,1
0.3221476510067114,0.6549295774647887,0.18478260869565216,0.6174358349746629,1
0.2875816993464052,0.6431924882629108,0.1717171717171717,0.696248753475214,1
0.35135135135135137,0.6619718309859155,0.16,0.6353098652863247,1
0.31081081081081086,0.6455399061032864,0.2111111111111111,0.6779114703296811,1
0.4189189189189189,0.5774647887323944,0.2127659574468085,0.7438744725967745,1
0.26760563380281693,0.6830985915492958,0.17204301075268819,0.7156953199935081,1
0.35374149659863946,0.6549295774647887,0.16494845360824742,0.7096322624266855,1
0.07317073170731707,0.7981220657276995,0.027522935779816515,0.1606517843084123,1
0.03973509933774834,0.8262910798122066,0.018518518518518517,0.1054619146334794,1
0.08536585365853659,0.6971830985915493,0.027522935779816515,0.16672962341075995,1
0.24390243902439024,0.7511737089201878,1.0,0.7794977823273028,1
0.07317073170731707,0.7887323943661971,0.027522935779816515,0.15709013169735125,1
0.6829268292682927,0.4788732394366197,0.9310344827586207,0.9050816097603867,1
0.25609756097560976,0.7370892018779343,0.9310344827586207,0.7258127863989945,1
0.2682926829268293,0.7253521126760564,0.9310344827586207,0.7472883348501649,1
0.07317073170731707,0.8169014084507042,0.027522935779816515,0.16547955913802406,1
0.07317073170731707,0.7816901408450704,0.027522935779816515,0.14852221767192858,1
0.1978021978021978,0.9107981220657277,0.16071428571428573,0.7272940516071367,1
0.2916666666666667,0.823943661971831,0.23214285714285715,0.7194639058020693,1
0.36,0.7723004694835681,0.32142857142857145,0.7155306730826074,1
0.09302325581395349,0.9389671361502347,0.07142857142857142,0.29989102494479253,1
0.23655913978494622,0.8779342723004695,0.17857142857142858,0.5154261374674798,1
0.4077669902912621,0.744131455399061,0.35714285714285715,0.44034271517165896,1
0.11494252873563218,0.9460093896713615,0.08928571428571429,0.5878761241793922,1
0.30927835051546393,0.8145539906103286,0.21428571428571427,0.5411835673142005,1
0.43809523809523815,0.7323943661971831,0.35714285714285715,0.8207474104367777,1
0.6666666666666666,0.5,0.6071428571428571,0.7403585383257676,1
0.0,0.9812206572769953,0.0,0.3399512690416171,0
0.0,0.9624413145539906,0.0,0.2915029222927135,0
0.0,0.9694835680751174,0.0,0.3121343358301474,0
0.0,0.9624413145539906,0.0,0.25037180535313963,0
0.0,0.9647887323943662,0.0,0.3018453434765387,0
0.0,0.971830985915493,0.0,0.26059927138591726,0
0.0,0.9694835680751174,0.0,0.27235467429275895,0
0.0,0.9671361502347418,0.0,0.23532658934068243,0
0.0,0.9671361502347418,0.0,0.25104484026351476,0
0.0,0.9577464788732394,0.0,0.2919718976660266,0
0.0,0.971830985915493,0.0,0.2967192729831898,0
0.0,0.9671361502347418,0.0,0.22029069150652372,0
0.0,0.971830985915493,0.0,0.2411146110838161,0
0.0,0.9624413145539906,0.0,0.23982361318577472,0
0.0,0.9647887323943662,0.0,0.31622637943347304,0
0.0,0.9647887323943662,0.0,0.2687307396983384,0
0.0,0.9577464788732394,0.0,0.27970644380617776,0
0.0,0.9694835680751174,0.0,0.221614854876248,0
0.0,0.9647887323943662,0.0,0.19661982899066272,0
0.0,0.9530516431924883,0.0,0.20090477711464277,0
0.0,0.9577464788732394,0.0,0.22788376959574902,0
0.0,0.960093896713615,0.0,0.2252485215382924,0
0.0,0.9694835680751174,0.0,0.21567766113474268,0
0.0,0.9647887323943662,0.0,0.22386842047305056,0
0.0,0.9671361502347418,0.0,0.20527401917404964,0
0.0,0.9741784037558685,0.0,0.21853062347829888,0
0.0,0.9507042253521126,0.0,0.18303917464792915,0
0.0,0.9507042253521126,0.0,0.18817816376173174,0
0.0,0.9577464788732394,0.0,0.21154187840353805,0
0.0,0.9553990610328639,0.0,0.20373638120291396,0
0.0,0.9577464788732394,0.0,0.27340802777669065,0
0.0,0.9647887323943662,0.0,0.259423616293947,0
0.0,0.9577464788732394,0.0,0.28154880958028583,0
0.0,0.9624413145539906,0.0,0.29557582979911834,0
0.0,0.9624413145539906,0.0,0.25328520315694825,0
0.0,0.9577464788732394,0.0,0.19419954608526035,0
0.0,0.960093896713615,0.0,0.2790805330503792,0
0.0,0.9671361502347418,0.0,0.21786235446001612,0
0.0,0.9553990610328639,0.0,0.19068825153646896,0
0.0,0.960093896713615,0.0,0.1955483596469823,0
0.0,0.9389671361502347,0.0,0.18425000849072826,0
0.0,0.9530516431924883,0.0,0.2152999563006241,0
0.0,0.9295774647887324,0.0,0.19213385661772087,0
0.0,0.9530516431924883,0.0,0.18134785746664356,0
0.0,0.9483568075117371,0.0,0.32465807698034477,0
0.0,0.9553990610328639,0.0,0.20336884130138927,0
0.0,0.9413145539906104,0.0,0.21328112450011846,0
0.0,0.9366197183098591,0.0,0.20569304128095095,0
0.0,0.9225352112676056,0.0,0.15146059518387522,0
0.0,0.9530516431924883,0.0,0.20878106173170963,0
0.0,0.9342723004694836,0.0,0.22353655731844896,0
0.0,0.9366197183098591,0.0,0.2078174209159891,0
0.0,0.931924882629108,0.0,0.2017372881177495,0
0.0,0.931924882629108,0.0,0.19046976287021833,0
0.14723926380368096,0.702020202020202,0.08411214953271028,0.545154330358181,1
0.2823529411764706,0.6582491582491582,0.21359223300970873,0.6457759521385205,1
0.2641509433962264,0.6885521885521886,0.15151515151515152,0.6158648020715936,1
0.37575757575757573,0.6481481481481481,0.23958333333333334,0.6603791021688661,1
0.3018867924528302,0.6952861952861953,0.14563106796116504,0.6093578376126114,1
0.16417910447761194,0.7508417508417509,0.03333333333333333,0.4979006253353195,1
0.1927710843373494,0.7087542087542088,0.14150943396226415,0.5144755329163089,1
0.271604938271605,0.7171717171717171,0.16,0.5639169335341347,1
0.325,0.6835016835016835,0.21649484536082475,0.6685452584732807,1
0.26666666666666666,0.6750841750841751,0.1509433962264151,0.5941509852138901,1
0.26966292134831465,0.6734006734006734,0.21100917431192662,0.6549522204496911,1
0.19540229885057467,0.6717171717171717,0.15315315315315314,0.5353959129221174,1
0.2941176470588235,0.6498316498316499,0.18518518518518517,0.6358015914517416,1
0.20359281437125745,0.6885521885521886,0.19230769230769232,0.46027894969919486,1
0.18888888888888888,0.6936026936026936,0.17592592592592593,0.5410430992563802,1
0.22641509433962262,0.67003367003367,0.20833333333333334,0.5954272275687085,1
0.28220858895705525,0.6902356902356902,0.19801980198019803,0.6432883560092064,1
0.25925925925925924,0.6767676767676768,0.21428571428571427,0.5875205154041162,1
0.24096385542168675,0.6784511784511784,0.2222222222222222,0.4909007419279844,1
0.23030303030303031,0.6868686868686869,0.1568627450980392,0.5965039008634354,1
0.0392156862745098,0.8148148148148148,0.014492753623188406,0.2269727021890116,1
0.030769230769230767,0.8131313131313131,0.013513513513513514,0.12233843884948695,1
0.058823529411764705,0.6784511784511784,0.014492753623188406,0.19337195791411851,1
0.28431372549019607,0.7626262626262627,1.0,0.8218269614752705,1
0.049019607843137254,0.8013468013468014,0.0072992700729927005,0.19073806939771182,1
0.5686274509803921,0.5791245791245792,0.9444444444444444,0.9516155114006983,1
0.2647058823529412,0.7550335570469798,0.9178082191780822,0.8192478161413282,1
0.24509803921568626,0.7567114093959731,0.9178082191780822,0.8396936132846473,1
0.2549019607843137,0.7533557046979866,0.9178082191780822,0.8435515428590459,1
0.2549019607843137,0.7583892617449665,0.9178082191780822,0.8149202558627213,1
0.22608695652173913,0.8720538720538721,0.18571428571428572,0.7329985503892635,1
0.44274809160305345,0.7390572390572391,0.3142857142857143,0.5790112435964763,1
0.368,0.7676767676767676,0.2714285714285714,0.6732432817494821,1
0.1621621621621622,0.9141414141414141,0.12857142857142856,0.40990169549235445,1
0.2857142857142857,0.8282828282828283,0.22857142857142856,0.5514310976407081,1
0.19469026548672566,0.8872053872053872,0.14285714285714285,0.5410751462871538,1
0.43076923076923085,0.7138047138047138,0.37142857142857144,0.7497504163391053,1
0.732919254658385,0.44612794612794615,0.5492957746478874,0.8448363573070203,1
0.6578947368421052,0.5117845117845118,0.5428571428571428,0.7358637170247199,1
0.6399999999999999,0.5303030303030303,0.5142857142857142,0.7428341782336358,1
0.03508771929824561,0.9040404040404041,0.025,0.3434802242498567,0
0.037037037037037035,0.9545454545454546,0.0410958904109589,0.3541252366610215,0
0.05217391304347826,0.9023569023569024,0.0641025641025641,0.3745341034384555,0
0.06956521739130435,0.9006734006734006,0.0375,0.39486407947088054,0
0.06722689075630252,0.877104377104377,0.07407407407407407,0.344850375797087,0
0.05217391304347826,0.9074074074074074,0.0641025641025641,0.30854938705351764,0
0.03669724770642201,0.9410774410774411,0.013157894736842105,0.33665446256320564,0
0.05263157894736842,0.898989898989899,0.0379746835443038,0.35590978745822366,0
0.05128205128205128,0.8905723905723906,0.05,0.35150175190563804,0
0.05405405405405406,0.9225589225589226,0.05333333333333334,0.3661096796693961,0
0.06956521739130435,0.8905723905723906,0.05063291139240506,0.3715634302896218,0
0.05042016806722689,0.8872053872053872,0.06172839506172839,0.3383112752038802,0
0.03636363636363636,0.930976430976431,0.013157894736842105,0.3744360764783658,0
0.05042016806722689,0.8804713804713805,0.06172839506172839,0.3634669208207184,0
0.08695652173913045,0.9124579124579124,0.07792207792207792,0.3374404513192878,0
0.018018018018018018,0.9191919191919192,0.025974025974025976,0.3434967209254548,0
0.03508771929824561,0.9141414141414141,0.02531645569620253,0.3398109092625278,0
0.06779661016949153,0.8754208754208754,0.075,0.36256828113754014,0
0.037383177570093455,0.9579124579124579,0.0273972602739726,0.3452506391402559,0
0.07017543859649122,0.9074074074074074,0.07894736842105263,0.34134928637634165,0
0.05309734513274336,0.9124579124579124,0.038461538461538464,0.3539463539861649,0
0.03571428571428571,0.9158249158249159,0.02564102564102564,0.33824962540525105,0
0.05128205128205128,0.8956228956228957,0.06329113924050633,0.3475442891929954,0
0.034782608695652174,0.8888888888888888,0.0375,0.3431682860001719,0
0.018348623853211007,0.9259259259259259,0.013157894736842105,0.34274486411228267,0
0.06666666666666667,0.8804713804713805,0.07407407407407407,0.36286642409556846,0
0.07142857142857142,0.9242424242424242,0.05263157894736842,0.34341303582370664,0
0.03636363636363636,0.9410774410774411,0.0,0.1519370161167281,0
0.05263157894736842,0.8922558922558923,0.0379746835443038,0.3534581352383916,0
0.03508771929824561,0.898989898989899,0.025,0.3478918028334337,0
0.03669724770642201,0.936026936026936,0.013157894736842105,0.3402428556728644,0
0.06504065040650406,0.8636363636363636,0.07228915662650602,0.2990523416989643,0
0.0847457627118644,0.8855218855218855,0.05,0.35073425613725695,0
0.03636363636363636,0.936026936026936,0.04,0.3671768482975314,0
0.06896551724137931,0.8905723905723906,0.05,0.36739733400570085,0
0.049586776859504134,0.8737373737373737,0.06097560975609756,0.3417427821816791,0
0.036036036036036036,0.9158249158249159,0.039473684210526314,0.3512302687638248,0
0.06666666666666667,0.877104377104377,0.1,0.3756821023659649,0
0.06956521739130435,0.9107744107744108,0.0641025641025641,0.3378871824926455,0
0.01818181818181818,0.9276094276094277,0.012987012987012988,0.3384872385592369,0
0.034482758620689655,0.8973063973063973,0.025,0.32792164875248014,0
0.036036036036036036,0.9292929292929293,0.039473684210526314,0.3418659987991608,0
0.017857142857142856,0.9124579124579124,0.012658227848101266,0.3234099651729675,0
0.03571428571428571,0.9107744107744108,0.012658227848101266,0.3139245756635036,0
0.22666666666666663,0.6868008948545862,0.16049382716049382,0.6250335425791038,1
0.2896551724137931,0.6823266219239373,0.2564102564102564,0.6233936346147897,1
0.273972602739726,0.6621923937360179,0.2236842105263158,0.7651216327810205,1
0.32214765100671133,0.6644295302013423,0.25316455696202533,0.7460825633101384,1
0.28169014084507044,0.6711409395973155,0.2876712328767123,0.7642983950649578,1
0.02797202797202797,0.697986577181208,0.011363636363636364,0.781319518955256,1
0.04109589041095891,0.7248322147651006,0.011627906976744186,0.8205017713991075,1
0.014184397163120567,0.6912751677852349,0.0,0.7599715332726511,1
0.013605442176870748,0.7404921700223713,0.012345679012345678,0.3424023323411346,1
0.022988505747126436,0.883668903803132,0.0,0.7346990413894401,1
0.24285714285714288,0.6868008948545862,0.12658227848101267,0.5918576647304884,1
0.2058823529411765,0.7024608501118568,0.09210526315789473,0.48298670995183995,1
0.22047244094488191,0.6912751677852349,0.09722222222222222,0.5042154230443955,1
0.18749999999999997,0.7181208053691275,0.136986301369863,0.4851213215058396,1
0.192,0.7293064876957495,0.09722222222222222,0.4950925929801713,1
0.22222222222222227,0.7136465324384788,0.11428571428571428,0.5041202656513333,1
0.23255813953488372,0.7024608501118568,0.1232876712328767,0.5455468087513005,1
0.20895522388059704,0.7069351230425056,0.11842105263157894,0.5254039839572725,1
0.21212121212121213,0.7181208053691275,0.13513513513513514,0.5517062822290919,1
0.25,0.7114093959731543,0.14084507042253522,0.5799263921650178,1
0.04651162790697674,0.7874720357941835,0.010752688172043012,0.1279768980831179,1
0.03703703703703704,0.8098434004474273,0.0,0.1073749713415679,1
0.04651162790697674,0.6487695749440716,0.010752688172043012,0.10849492076747923,1
0.29069767441860467,0.70917225950783,1.0,0.7706646799993447,1
0.04651162790697674,0.7829977628635347,0.0,0.11605544916873431,1
0.4883720930232558,0.6017897091722595,0.9183673469387755,0.9336179217633408,1
0.27906976744186046,0.6726057906458798,0.9183673469387755,0.8100305721159821,1
0.26744186046511625,0.7238307349665924,0.9183673469387755,0.8328401076123026,1
0.04651162790697674,0.7884187082405345,0.010752688172043012,0.09427533606192492,1
0.04651162790697674,0.8062360801781737,0.010752688172043012,0.08254154066918315,1
0.1702127659574468,0.9194630872483222,0.1702127659574468,0.7263426476470636,1
0.3300970873786408,0.785234899328859,0.2978723404255319,0.7230241490710019,1
0.18947368421052632,0.901565995525727,0.19148936170212766,0.7294225010594018,1
0.1702127659574468,0.9060402684563759,0.1702127659574468,0.2780732665377283,1
0.20833333333333334,0.901565995525727,0.2127659574468085,0.606457594266342,1
0.18947368421052632,0.8993288590604027,0.19148936170212766,0.5286921907052805,1
0.08888888888888888,0.941834451901566,0.0851063829787234,0.2773205976419363,1
0.3137254901960785,0.8187919463087249,0.3191489361702128,0.6836860115975641,1
0.10989010989010987,0.9440715883668904,0.10638297872340426,0.44854203801172104,1
0.44642857142857145,0.7158836689038032,0.375,0.7505441932388001,1
0.07692307692307693,0.8501118568232662,0.06666666666666667,0.34663680111105993,0
0.04347826086956522,0.9194630872483222,0.019230769230769232,0.40168558572046165,0
0.058252427184466014,0.843400447427293,0.03389830508474576,0.3113617919710901,0
0.08,0.8523489932885906,0.034482758620689655,0.3367004672703045,0
0.04123711340206186,0.8814317673378076,0.03636363636363636,0.19465309344291842,0
0.06,0.8814317673378076,0.03508771929824561,0.23667739878982136,0
0.02127659574468085,0.8993288590604027,0.03773584905660377,0.2875397468572312,0
0.0425531914893617,0.9239373601789709,0.03773584905660377,0.19933426235759114,0
0.02150537634408602,0.9373601789709173,0.018867924528301886,0.2714202217605255,0
0.0625,0.9105145413870246,0.05555555555555555,0.23389434989627889,0
0.06451612903225806,0.9261744966442953,0.058823529411764705,0.1934682790932558,0
0.061224489795918366,0.8859060402684564,0.03571428571428571,0.19357583004613155,0
0.06382978723404255,0.9149888143176734,0.057692307692307696,0.1926304184907473,0
0.06451612903225806,0.9217002237136466,0.058823529411764705,0.22832636139840629,0
0.0625,0.9105145413870246,0.05555555555555555,0.30958585024260865,0
0.041666666666666664,0.8993288590604027,0.01818181818181818,0.16314410507972998,0
0.0625,0.8970917225950783,0.05555555555555555,0.1533418866671257,0
0.0425531914893617,0.901565995525727,0.018518518518518517,0.32796996757597935,0
0.0425531914893617,0.9105145413870246,0.018518518518518517,0.4254328660169082,0
0.08421052631578947,0.9172259507829977,0.07692307692307693,0.20746248549645602,0
0.06060606060606061,0.8680089485458613,0.03571428571428571,0.23479434126832588,0
0.021978021978021976,0.941834451901566,0.0196078431372549,0.28941458789194585,0
0.0425531914893617,0.9239373601789709,0.03773584905660377,0.19348248432519805,0
0.06185567010309278,0.8791946308724832,0.03636363636363636,0.2421229971265958,0
0.042105263157894736,0.912751677852349,0.037037037037037035,0.1486718972867054,0
0.04301075268817204,0.9284116331096197,0.038461538461538464,0.11087657907094363,0
0.06382978723404255,0.9261744966442953,0.03773584905660377,0.15097854433343516,0
0.0625,0.901565995525727,0.05555555555555555,0.14558361493787986,0
0.042105263157894736,0.9105145413870246,0.037037037037037035,0.250242746143275,0
0.07843137254901962,0.8523489932885906,0.03389830508474576,0.2318239293008275,0
0.02150537634408602,0.9172259507829977,0.0,0.29671477333207585,0
0.0,0.9172259507829977,0.0,0.1506319371428826,0
0.04347826086956522,0.9373601789709173,0.04,0.20363607020894894,0
0.0,0.9463087248322147,0.0,0.2705673318797227,0
0.08421052631578947,0.9082774049217002,0.07692307692307693,0.22670627795465456,0
0.07843137254901962,0.87248322147651,0.05084745762711865,0.2270841615914147,0
0.08,0.854586129753915,0.07017543859649122,0.28369920237528046,0
0.08247422680412372,0.8970917225950783,0.05555555555555555,0.24397163781105677,0
0.06060606060606061,0.8612975391498882,0.05357142857142857,0.1816701606231384,0
0.021052631578947368,0.9082774049217002,0.01818181818181818,0.3001909502485555,0
0.042105263157894736,0.9060402684563759,0.05660377358490566,0.19162449589720237,0
0.06315789473684211,0.8993288590604027,0.05660377358490566,0.24732008025024332,0
0.06382978723404255,0.9328859060402684,0.057692307692307696,0.27484491901157343,0
0.09900990099009901,0.8747203579418344,0.07142857142857142,0.25676424938656195,0
0.08080808080808081,0.8814317673378076,0.07142857142857142,0.2768651735748773,0
0.0425531914893617,0.9261744966442953,0.03773584905660377,0.25813347473995363,0
0.041666666666666664,0.8970917225950783,0.037037037037037035,0.3616863357812641,0
0.04347826086956522,0.9328859060402684,0.0392156862745098,0.250959511732733,0
0.041666666666666664,0.8747203579418344,0.05555555555555555,0.25155112765260357,0
0.06060606060606061,0.8814317673378076,0.03571428571428571,0.17680745101104173,0
0.0425531914893617,0.912751677852349,0.03773584905660377,0.2486416058114027,0
0.02061855670103093,0.8993288590604027,0.05454545454545454,0.28372291009245965,0
0.12121212121212122,0.8702460850111857,0.11320754716981132,0.49184896104024933,0
0.5818181818181818,0.3577586206896552,0.38095238095238093,0.8724665542751256,1
0.5764705882352942,0.42714570858283435,0.32967032967032966,0.8152960527174884,1
0.5217391304347827,0.4245689655172414,0.3372093023255814,0.8598014476270693,1
0.4936708860759493,0.4956896551724138,0.29347826086956524,0.850959214346098,1
0.47741935483870973,0.4849137931034483,0.27586206896551724,0.8300323239548527,1
0.4819277108433735,0.5043103448275862,0.3010752688172043,0.898646072598206,1
0.5185185185185185,0.4396551724137931,0.313953488372093,0.8964985741954518,1
0.14207650273224043,0.6181474480151229,0.04065040650406504,0.8166534131542191,1
0.10778443113772454,0.6460905349794238,0.05172413793103448,0.7796401281313643,1
0.09523809523809525,0.6487068965517241,0.04504504504504504,0.8246873769203442,1
0.4375,0.540948275862069,0.19791666666666666,0.8061373762818904,1
0.3552631578947369,0.5905172413793104,0.15463917525773196,0.6986397077296869,1
0.4666666666666666,0.540948275862069,0.25842696629213485,0.7883110191093928,1
0.423841059602649,0.5064655172413793,0.24175824175824176,0.8111524066502098,1
0.4246575342465753,0.5538793103448276,0.26436781609195403,0.7849305606297661,1
0.4230769230769231,0.5603448275862069,0.21052631578947367,0.8088728868488776,1
0.42176870748299317,0.5517241379310345,0.23863636363636365,0.7884184818134763,1
0.4625850340136054,0.5474137931034483,0.2976190476190476,0.8003046706767012,1
0.48,0.5323275862068966,0.28735632183908044,0.8188801035185289,1
0.4666666666666666,0.5754310344827587,0.21739130434782608,0.8176440097209219,1
0.06976744186046512,0.8275862068965517,0.02654867256637168,0.18460287691040325,1
0.036585365853658534,0.8254310344827587,0.03333333333333333,0.18605525058567474,1
0.08139534883720931,0.7112068965517241,0.02654867256637168,0.16294157268070755,1
0.23255813953488372,0.7456896551724138,1.0,0.7837771179710256,1
0.06976744186046512,0.7952586206896551,0.02654867256637168,0.19319273896727365,1
0.5697674418604651,0.7370689655172413,0.9333333333333333,0.918338569706701,1
0.26744186046511625,0.7467811158798283,0.9016393442622951,0.7941170477709343,1
0.23255813953488372,0.7446351931330472,0.9016393442622951,0.8276302522920006,1
0.06976744186046512,0.8111587982832618,0.02654867256637168,0.17819027292841483,1
0.06976744186046512,0.8133047210300429,0.02654867256637168,0.1505346798126973,1
0.18947368421052632,0.9094827586206896,0.15517241379310345,0.7369746085475148,1
0.297029702970297,0.8168103448275862,0.2413793103448276,0.7784147322287163,1
0.3461538461538462,0.790948275862069,0.3103448275862069,0.69852450731213,1
0.08888888888888888,0.9439655172413793,0.06896551724137931,0.28269564898526023,1
0.2268041237113402,0.8879310344827587,0.1724137931034483,0.4931877383165086,1
0.3925233644859813,0.7650862068965517,0.3448275862068966,0.46538491301424834,1
0.1702127659574468,0.8987068965517241,0.10344827586206896,0.6649683227245365,1
0.43243243243243235,0.7543103448275862,0.3389830508474576,0.49568257566053114,1
0.65625,0.5086206896551724,0.5689655172413793,0.8930291520660041,1
0.43636363636363634,0.7521551724137931,0.3448275862068966,0.5340729920601572,1
0.04545454545454545,0.978448275862069,0.0,0.4753764608650243,0
0.0,0.9827586206896551,0.0,0.32613013423798526,0
0.04545454545454545,0.978448275862069,0.0,0.4753764608650243,0
0.0,0.9827586206896551,0.0,0.32613013423798526,0
0.0,0.9008620689655172,0.0,0.23911158165039886,0
0.021978021978021976,0.9439655172413793,0.03225806451612903,0.2749774443081066,0
0.0,0.9482758620689655,0.0,0.38341302866916954,0
0.0,1.0,0.0,0.27974183081272186,0
0.0,0.9956896551724138,0.0,0.31271604240315837,0
0.0,0.9978448275862069,0.0,0.20695388199056186,0
0.0,0.9913793103448276,0.0,0.312370847547478,0
0.0,0.9913793103448276,0.0,0.2914171685490049,0
0.04545454545454545,0.9762931034482759,0.0,0.4515692080825931,0
0.0,0.9827586206896551,0.0,0.32613013423798526,0
0.04347826086956522,0.9396551724137931,0.04918032786885246,0.45313249667827876,0
0.04545454545454545,0.9762931034482759,0.0,0.45159231700497726,0
0.0,0.9655172413793104,0.0,0.3734155739831832,0
0.0,0.9892241379310345,0.0,0.30529555973844874,0
0.0,0.9913793103448276,0.0,0.2438075637745125,0
0.02222222222222222,0.9806034482758621,0.0,0.2953361658698753,0
0.04545454545454545,0.9762931034482759,0.0,0.4515692080825931,0
0.02173913043478261,0.9461206896551724,0.04838709677419355,0.18988367697163355,0
0.0,0.9310344827586207,0.0,0.19628346111124179,0
0.0,0.9913793103448276,0.0,0.25663696637676137,0
0.04545454545454545,0.9762931034482759,0.0,0.4515692080825931,0
0.0,0.9827586206896551,0.0,0.32613013423798526,0
0.04395604395604395,0.9418103448275862,0.03278688524590164,0.4272057706364597,0
0.0,0.9956896551724138,0.0,0.27375090931063556,0
0.0,1.0,0.0,0.28082538185271866,0
0.0,0.9525862068965517,0.0,0.34257459440649407,0
0.0,0.9849137931034483,0.0,0.238064028358042,0
0.0,0.9849137931034483,0.0,0.300410995800191,0
0.0,0.9676724137931034,0.0,0.30253580444215766,0
0.0,0.978448275862069,0.0,0.24019676745195395,0
0.0,1.0,0.0,0.2884193218265763,0
0.0,0.9806034482758621,0.0,0.2866142266162923,0
0.0,1.0,0.0,0.2787262590239591,0
0.0,0.9935344827586207,0.0,0.23732303771006918,0
0.0,0.9892241379310345,0.0,0.230625265789371,0
0.0,0.9849137931034483,0.0,0.3377182291114651,0
0.0449438202247191,0.9741379310344828,0.0,0.43322332252782014,0
0.0,1.0,0.0,0.29701908955671474,0
0.0,0.9935344827586207,0.0,0.24174983668334923,0
0.0,1.0,0.0,0.27273447521760086,0
0.0,0.9310344827586207,0.0,0.23629073959239355,0
0.0,0.9870689655172413,0.0,0.25790605920541315,0
0.0,0.9849137931034483,0.0,0.139769228506735,0
0.10416666666666667,0.9310344827586207,0.014492753623188406,0.4074154108524217,0
0.0,1.0,0.0,0.25904017731943374,0
0.0,0.9827586206896551,0.0,0.32613013423798526,0
0.021978021978021976,0.9396551724137931,0.0,0.379357328118191,0
0.0,0.9806034482758621,0.0,0.3110946831626278,0
0.022727272727272724,0.978448275862069,0.0,0.36142289860559185,0
0.04395604395604395,0.9461206896551724,0.0,0.4473278263386828,0
0.0,0.9827586206896551,0.0,0.32613013423798526,0
0.5472636815920396,0.5050100200400801,0.3191489361702128,0.7920946309955545,1
0.3937823834196891,0.6500994035785288,0.25252525252525254,0.7596436037763421,1
0.44198895027624313,0.6112224448897795,0.1875,0.8071995451270765,1
0.4742268041237113,0.6245283018867924,0.28125,0.8661785735152348,1
0.37305699481865284,0.6593186372745491,0.19801980198019803,0.7570104195335571,1
0.23529411764705882,0.7054108216432866,0.0963855421686747,0.6935660619407467,1
0.39361702127659576,0.6092184368737475,0.22448979591836735,0.7829992025119359,1
0.3263157894736842,0.6615087040618955,0.22115384615384615,0.6989425972994915,1
0.39361702127659576,0.6072144288577155,0.18181818181818182,0.7723665233585006,1
0.4432432432432433,0.5731462925851704,0.23958333333333334,0.8494069411653424,1
0.4502617801047121,0.5762081784386617,0.20388349514563106,0.7785703069044334,1
0.3829787234042553,0.6429942418426103,0.2549019607843137,0.7654769482428088,1
0.37305699481865284,0.6771217712177122,0.19090909090909092,0.744632921507274,1
0.3804347826086957,0.652,0.21782178217821782,0.7325911245659671,1
0.46315789473684205,0.6342412451361867,0.2727272727272727,0.7249214539770756,1
0.38461538461538464,0.6052104208416834,0.21568627450980393,0.7484890655511187,1
0.44565217391304346,0.6172344689378757,0.25742574257425743,0.7258186725422564,1
0.39560439560439564,0.6072144288577155,0.20388349514563106,0.7292000907056364,1
0.3850267379679145,0.6352705410821643,0.20192307692307693,0.6894882714184909,1
0.29834254143646405,0.6533066132264529,0.18811881188118812,0.6800232101230306,1
0.050505050505050504,0.7935871743486974,0.02654867256637168,0.20173966333321267,1
0.02209944751381216,0.811623246492986,0.015873015873015872,0.15877098732559167,1
0.10101010101010101,0.6813627254509018,0.02654867256637168,0.20448734662546064,1
0.29292929292929293,0.7134268537074149,1.0,0.7971868081296667,1
0.0707070707070707,0.7755511022044088,0.008771929824561403,0.18710614041076595,1
0.5454545454545454,0.6533066132264529,0.9333333333333333,0.9405054924228295,1
0.31313131313131315,0.7435387673956262,0.9016393442622951,0.8035843398290912,1
0.2727272727272727,0.7415506958250497,0.9016393442622951,0.7527168550539534,1
0.06060606060606061,0.805168986083499,0.02654867256637168,0.19275509058058865,1
0.06060606060606061,0.7892644135188867,0.02654867256637168,0.17672627769835442,1
0.1834862385321101,0.9198396793587175,0.1724137931034483,0.759007745427597,1
0.3770491803278689,0.779559118236473,0.3620689655172414,0.8031046668329906,1
0.1834862385321101,0.8797595190380761,0.1724137931034483,0.4290821163044438,1
0.3902439024390244,0.7695390781563126,0.3793103448275862,0.7407104466116519,1
0.07766990291262137,0.9478957915831663,0.06896551724137931,0.3222250662699092,1
0.3636363636363636,0.779559118236473,0.29310344827586204,0.7564235975830907,1
0.1142857142857143,0.935871743486974,0.10344827586206896,0.6586582638316555,1
0.4885496183206107,0.6593186372745491,0.41379310344827586,0.8150852294943641,1
0.34710743801652894,0.7735470941883767,0.3389830508474576,0.5605723225297191,1
0.7468354430379746,0.38276553106212424,0.6379310344827587,0.7967064985095218,1
0.03603603603603604,0.9038076152304609,0.014492753623188406,0.2601355626490136,0
0.0,0.8997995991983968,0.0,0.2097439446311592,0
0.0,0.9018036072144289,0.0,0.1904147579497219,0
0.0,0.9018036072144289,0.0,0.15710842995679292,0
0.0,0.9018036072144289,0.0,0.1523743946678559,0
0.0,0.9018036072144289,0.0,0.15266879443326742,0
0.0,0.9018036072144289,0.0,0.17408329943881712,0
0.0,0.9018036072144289,0.0,0.17062293455712585,0
0.0,0.9018036072144289,0.0,0.13209677535303566,0
0.0,0.9018036072144289,0.0,0.1695682400263361,0
0.02,0.8997995991983968,0.017241379310344827,0.23096295349631568,0
0.07547169811320754,0.9378757515030061,0.04838709677419355,0.4349589828177854,0
0.09433962264150943,0.9298597194388778,0.06557377049180328,0.6197119971439093,0
0.09259259259259259,0.9118236472945892,0.047619047619047616,0.29990719226961504,0
0.07476635514018691,0.9218436873747495,0.03125,0.3541653280198531,0
0.07407407407407408,0.9238476953907816,0.06349206349206349,0.5685894419786441,0
0.05607476635514019,0.935871743486974,0.047619047619047616,0.4348202369497748,0
0.056603773584905655,0.9398797595190381,0.031746031746031744,0.45573090454635573,0
0.05454545454545456,0.9298597194388778,0.03076923076923077,0.39351500156912755,0
0.09174311926605505,0.9198396793587175,0.07936507936507936,0.4219037113933338,0
0.09259259259259259,0.9258517034068137,0.06451612903225806,0.36974019573730954,0
0.07339449541284405,0.9238476953907816,0.06349206349206349,0.2594690297626203,0
0.09174311926605505,0.9158316633266533,0.046875,0.3997312739642136,0
0.09345794392523366,0.9438877755511023,0.06451612903225806,0.32483546552264153,0
0.07207207207207209,0.9198396793587175,0.07575757575757576,0.38901194165626524,0
0.07407407407407408,0.9298597194388778,0.06349206349206349,0.37165064704543144,0
0.09174311926605505,0.9278557114228457,0.06349206349206349,0.44341026073118744,0
0.07407407407407408,0.9078156312625251,0.046875,0.30648014246532473,0
0.07339449541284405,0.9018036072144289,0.03076923076923077,0.4335712584601906,0
0.09345794392523366,0.9338677354709419,0.047619047619047616,0.2991819414093217,0
0.07407407407407408,0.9098196392785571,0.06349206349206349,0.24209978640810936,0
0.07407407407407408,0.9138276553106213,0.06349206349206349,0.3915324868172446,0
0.07339449541284405,0.9238476953907816,0.0625,0.42591125731277824,0
0.0900900900900901,0.8997995991983968,0.06153846153846154,0.30431632066246206,0
0.07339449541284405,0.9178356713426854,0.046153846153846156,0.42256204524205465,0
0.03703703703703704,0.9258517034068137,0.015151515151515152,0.33501089138375206,0
0.037383177570093455,0.9138276553106213,0.03125,0.2592706596240841,0
0.05555555555555555,0.9118236472945892,0.046875,0.29442991677969976,0
0.07339449541284405,0.9178356713426854,0.0625,0.48967599520295046,0
0.07407407407407408,0.9438877755511023,0.03125,0.2952058619329311,0
0.0900900900900901,0.9078156312625251,0.06153846153846154,0.3932875557974267,0
0.07272727272727274,0.9098196392785571,0.06153846153846154,0.37817915199006374,0
0.055045871559633024,0.9118236472945892,0.03076923076923077,0.3373831310091858,0
0.1111111111111111,0.9398797595190381,0.08064516129032258,0.35560717016553856,0
0.05607476635514019,0.9218436873747495,0.03125,0.37839306684880164,0
0.055045871559633024,0.9218436873747495,0.046153846153846156,0.3581672060168286,0
0.10909090909090911,0.9098196392785571,0.046875,0.4141877585847026,0
0.055045871559633024,0.9118236472945892,0.046875,0.39947071540143164,0
0.0909090909090909,0.9218436873747495,0.078125,0.2924233287578366,0
0.07407407407407408,0.9138276553106213,0.03076923076923077,0.40801149343140697,0
0.037383177570093455,0.9258517034068137,0.015384615384615385,0.22211681879287215,0
0.05607476635514019,0.9298597194388778,0.047619047619047616,0.29634096992575454,0
0.07142857142857144,0.8877755511022044,0.029411764705882353,0.24568472807590977,0
0.05607476635514019,0.9178356713426854,0.047619047619047616,0.34951784827571386,0
0.05454545454545456,0.9118236472945892,0.030303030303030304,0.41435433500734425,0
0.07476635514018691,0.9458917835671342,0.06451612903225806,0.3498034330549691,0
0.07407407407407408,0.9238476953907816,0.06349206349206349,0.4363957580468731,0
0.09259259259259259,0.9118236472945892,0.06349206349206349,0.3415156616546444,0
0.3636363636363636,0.5158924205378973,0.1951219512195122,0.7788435950512212,1
0.35211267605633806,0.5670995670995671,0.24175824175824176,0.7881594488299012,1
0.3770491803278689,0.5550122249388753,0.15294117647058825,0.7998154440792576,1
0.47692307692307695,0.4889975550122249,0.2413793103448276,0.8649043666885299,1
0.031496062992125984,0.7432762836185819,0.010638297872340425,0.4110084055169192,1
0.39682539682539686,0.5916870415647921,0.24705882352941178,0.8637422318446368,1
0.45,0.5207823960880196,0.1951219512195122,0.8195889099026543,1
0.4126984126984127,0.6069767441860465,0.2087912087912088,0.7902193496937625,1
0.3833333333333333,0.5403422982885085,0.18072289156626506,0.7963304127373718,1
0.45112781954887216,0.5745721271393643,0.2441860465116279,0.8354588297234089,1
0.3448275862068966,0.5721271393643031,0.16666666666666666,0.7120070466666106,1
0.35000000000000003,0.6136919315403423,0.2727272727272727,0.7624944912822942,1
0.32478632478632474,0.6161369193154034,0.2222222222222222,0.7881340926982627,1
0.3275862068965517,0.6381418092909535,0.19753086419753085,0.7158411570355918,1
0.3423423423423424,0.6039119804400978,0.21052631578947367,0.6960226844837807,1
0.29824561403508776,0.6308068459657702,0.16666666666666666,0.6831503373376735,1
0.4,0.58679706601467,0.23376623376623376,0.6765519166624533,1
0.3508771929824562,0.6210268948655256,0.21794871794871795,0.7336974741596473,1
0.35398230088495575,0.6112469437652812,0.22077922077922077,0.7594748542131813,1
0.3826086956521739,0.5647921760391198,0.23376623376623376,0.7262348829457703,1
0.03076923076923077,0.7921760391198044,0.009523809523809525,0.144389484306726,1
0.0,0.8117359413202934,0.0,0.09680342221944534,1
0.03076923076923077,0.6968215158924206,0.009523809523809525,0.1647678127777188,1
0.26153846153846155,0.706601466992665,1.0,0.8124447315810193,1
0.03076923076923077,0.78239608801956,0.0,0.18415144218903448,1
0.6307692307692307,0.32273838630806845,1.0,0.9390663257669472,1
0.26153846153846155,0.7177615571776156,0.9272727272727272,0.8372410801277194,1
0.27692307692307694,0.7104622871046229,0.9272727272727272,0.8014419161369203,1
0.23076923076923078,0.732360097323601,0.9272727272727272,0.8153896116486072,1
0.27692307692307694,0.7153284671532847,0.9272727272727272,0.8031703183107697,1
0.35443037974683544,0.7946210268948656,0.2641509433962264,0.8161798030245478,1
0.375,0.7775061124694377,0.22641509433962265,0.5924652935438539,1
0.3116883116883117,0.8141809290953546,0.22641509433962265,0.5363905782964766,1
0.21917808219178084,0.8484107579462102,0.1509433962264151,0.6053315405350281,1
0.16901408450704225,0.9095354523227384,0.11320754716981132,0.325437069196603,1
0.2666666666666667,0.8679706601466992,0.16981132075471697,0.6074237064250403,1
0.39506172839506176,0.7750611246943765,0.2830188679245283,0.6281279487439628,1
0.39506172839506176,0.7750611246943765,0.2830188679245283,0.6281279487439628,1
0.32911392405063294,0.7530562347188264,0.24074074074074073,0.607527197151831,1
0.4337349397590362,0.7163814180929096,0.2830188679245283,0.81130073876552,1
0.027397260273972605,0.9388753056234719,0.017241379310344827,0.35260426793944744,0
0.05479452054794521,0.9364303178484108,0.03508771929824561,0.3823171723573527,0
0.028169014084507043,0.9486552567237164,0.017543859649122806,0.327844476055575,0
0.028169014084507043,0.9462102689486552,0.017543859649122806,0.3555133745291047,0
0.028169014084507043,0.9462102689486552,0.017543859649122806,0.32551487444638244,0
0.0,0.9511002444987775,0.0,0.17033667904758143,0
0.028169014084507043,0.9511002444987775,0.017543859649122806,0.3559620148738357,0
0.028169014084507043,0.9486552567237164,0.017543859649122806,0.31270028356810536,0
0.028169014084507043,0.9511002444987775,0.0,0.21275381071094324,0
0.028169014084507043,0.9462102689486552,0.017543859649122806,0.37426514592189375,0
0.0,0.941320293398533,0.0,0.18214147878265324,0
0.0,0.9339853300733496,0.0,0.19078387330828944,0
0.028169014084507043,0.9388753056234719,0.0,0.10869859550806865,0
0.02777777777777778,0.9315403422982885,0.01694915254237288,0.17886672038072696,0
0.028169014084507043,0.9266503667481663,0.017241379310344827,0.1944047651825187,0
0.028571428571428574,0.9437652811735942,0.017543859649122806,0.17972516381559692,0
0.05479452054794521,0.921760391198044,0.01694915254237288,0.39086473636917973,0
0.028169014084507043,0.9388753056234719,0.017543859649122806,0.3169068350581533,0
0.0,0.9486552567237164,0.0,0.06458452896072586,0
0.0,0.941320293398533,0.0,0.10787156801559661,0
0.02777777777777778,0.9388753056234719,0.034482758620689655,0.10130734013883798,0
0.027397260273972605,0.9339853300733496,0.016666666666666666,0.09770141879297664,0
0.028571428571428574,0.9486552567237164,0.017543859649122806,0.11220068134009267,0
0.0,0.9437652811735942,0.0,0.09574648613947503,0
0.028985507246376812,0.9559902200488998,0.0,0.1706894702318435,0
0.0,0.9584352078239609,0.0,0.14292013450248744,0
0.027397260273972605,0.9315403422982885,0.01694915254237288,0.049107884741489215,0
0.05333333333333334,0.921760391198044,0.03333333333333333,0.018844816940539705,0
0.0,0.941320293398533,0.0,0.13700134190124907,0
0.0,0.9095354523227384,0.0,0.15597485351683177,0
0.08333333333333333,0.9315403422982885,0.034482758620689655,0.3963111687858168,0
0.030303030303030307,0.980440097799511,0.0,0.24312622748994,0
0.0,0.9364303178484108,0.0,0.135992906592439,0
0.0,0.9511002444987775,0.0,0.12322323900926381,0
0.05555555555555556,0.9290953545232273,0.03508771929824561,0.42448283206978843,0
0.05479452054794521,0.9193154034229829,0.01694915254237288,0.3645040834872648,0
0.028169014084507043,0.9339853300733496,0.0,0.14752750770793543,0
0.02777777777777778,0.9193154034229829,0.01694915254237288,0.11957121550428865,0
0.05405405405405406,0.9070904645476773,0.016666666666666666,0.3321984413362535,0
0.0,0.9437652811735942,0.0,0.10527611706077164,0
0.056338028169014086,0.9388753056234719,0.03508771929824561,0.1392188581101009,0
0.02777777777777778,0.9339853300733496,0.01694915254237288,0.12398336375109575,0
0.05555555555555556,0.9315403422982885,0.01694915254237288,0.3217561117536425,0
0.08333333333333333,0.9290953545232273,0.034482758620689655,0.3558440348640575,0
0.02777777777777778,0.9070904645476773,0.01694915254237288,0.14786548337519126,0
0.0,0.9242053789731052,0.0,0.19388923306860928,0
0.05479452054794521,0.921760391198044,0.01694915254237288,0.3498625284457637,0
0.028169014084507043,0.9364303178484108,0.017543859649122806,0.27803651853947503,0
0.05555555555555556,0.9266503667481663,0.034482758620689655,0.21126587152975682,0
0.056338028169014086,0.941320293398533,0.03508771929824561,0.20288766317915546,0
0.08333333333333333,0.9266503667481663,0.034482758620689655,0.19048855191191125,0
0.05714285714285715,0.9315403422982885,0.03571428571428571,0.10973517863362682,0
0.056338028169014086,0.9437652811735942,0.03571428571428571,0.3861414895107151,0
0.02777777777777778,0.9388753056234719,0.017241379310344827,0.3607177463663963,0
0.028571428571428574,0.9339853300733496,0.017543859649122806,0.34827970315118767,0
0.0,0.9682151589242054,0.0,0.06371948331866117,0
0.056338028169014086,0.941320293398533,0.03508771929824561,0.16441085536108901,0
0.05555555555555556,0.9364303178484108,0.034482758620689655,0.14018619611492045,0
0.05479452054794521,0.9339853300733496,0.03389830508474576,0.18697385681033357,0
0.028571428571428574,0.941320293398533,0.017543859649122806,0.17110007876017608,0
0.05479452054794521,0.9144254278728606,0.05172413793103448,0.1530933841310209,0
0.028571428571428574,0.9339853300733496,0.017543859649122806,0.1190078876664115,0
0.05555555555555556,0.9388753056234719,0.034482758620689655,0.1187791809553294,0
0.029411764705882356,0.960880195599022,0.037037037037037035,0.10668520316348495,0
0.05479452054794521,0.9242053789731052,0.03389830508474576,0.17053569649509936,0
0.057971014492753624,0.9437652811735942,0.03636363636363636,0.0877968866692621,0
0.02777777777777778,0.921760391198044,0.0,0.12845189925832046,0
0.02777777777777778,0.9242053789731052,0.01694915254237288,0.05531166097334678,0
0.38636363636363635,0.5972222222222222,0.18604651162790697,0.7702767780142452,1
0.32954545454545453,0.6607142857142857,0.13978494623655913,0.7395278706209403,1
0.47457627118644063,0.5595238095238095,0.23170731707317074,0.8179674790905576,1
0.3542857142857143,0.6428571428571429,0.16483516483516483,0.7266725561003611,1
0.25142857142857145,0.7301587301587301,0.125,0.6618204595302166,1
0.32558139534883723,0.628968253968254,0.20689655172413793,0.7516830096042788,1
0.4941176470588235,0.5634920634920635,0.24050632911392406,0.785105223263176,1
0.3516483516483517,0.7461832061068703,0.18888888888888888,0.7446188792807554,1
0.42937853107344626,0.5952380952380952,0.20930232558139536,0.7769735989049178,1
0.25555555555555554,0.7032755298651252,0.13402061855670103,0.6512607712670957,1
0.27272727272727276,0.6984126984126984,0.18421052631578946,0.6567390160927296,1
0.2147651006711409,0.7103174603174603,0.14473684210526316,0.7334031637999365,1
0.24324324324324323,0.7043650793650794,0.2,0.5864368150611897,1
0.20547945205479454,0.7123015873015873,0.1780821917808219,0.6444449041980256,1
0.24285714285714285,0.7123015873015873,0.2028985507246377,0.587397260010265,1
0.2676056338028169,0.7202380952380952,0.23076923076923078,0.6205843941858022,1
0.18840579710144928,0.7063492063492064,0.15942028985507245,0.6488405324873363,1
0.2377622377622378,0.7202380952380952,0.23880597014925373,0.6311251710380283,1
0.23703703703703705,0.7242063492063492,0.2222222222222222,0.6563090268628862,1
0.24817518248175185,0.7162698412698413,0.234375,0.7473316860152552,1
0.08333333333333333,0.8174603174603174,0.023255813953488372,0.171815626086691,1
0.021505376344086023,0.8134920634920635,0.008547008547008548,0.16565255179436153,1
0.10416666666666667,0.6468253968253969,0.023255813953488372,0.17805283069564426,1
0.28125,0.7063492063492064,1.0,0.8308839407488249,1
0.08333333333333333,0.8035714285714286,0.023255813953488372,0.17176229637956802,1
0.625,0.5238095238095238,0.9347826086956522,0.9492373143515473,1
0.07291666666666667,0.8178217821782178,0.023255813953488372,0.17066987785115262,1
0.07291666666666667,0.8178217821782178,0.023255813953488372,0.15730239042468702,1
0.3020833333333333,0.7485148514851485,0.8936170212765957,0.8125586902611218,1
0.34375,0.7386138613861386,0.8936170212765957,0.8247786016658709,1
0.2222222222222222,0.8829365079365079,0.2727272727272727,0.7762643202478129,1
0.3448275862068966,0.8075396825396826,0.3181818181818182,0.7023128510132355,1
0.2545454545454546,0.8650793650793651,0.2727272727272727,0.46898021517106403,1
0.23853211009174308,0.8452380952380952,0.29545454545454547,0.6339483318409835,1
0.205607476635514,0.9087301587301587,0.25,0.49538360617096044,1
0.2222222222222222,0.876984126984127,0.25,0.48083076104958644,1
0.2545454545454546,0.8253968253968254,0.3181818181818182,0.6225745597578656,1
0.684931506849315,0.4503968253968254,0.6136363636363636,0.8108358827727465,1
0.684931506849315,0.5238095238095238,0.6136363636363636,0.8993603373122183,1
0.5735294117647058,0.5833333333333334,0.6,0.840530085140845,1
0.056074766355140186,0.9166666666666666,0.057692307692307696,0.12451944931656218,0
0.0892857142857143,0.875,0.07407407407407407,0.13919118954378848,0
0.05660377358490566,0.9087301587301587,0.038461538461538464,0.40282664509661414,0
0.05714285714285714,0.9087301587301587,0.019230769230769232,0.46596388607411077,0
0.05714285714285714,0.9126984126984127,0.06,0.5088396223502673,0
0.05555555555555555,0.9007936507936508,0.05660377358490566,0.10157832643759143,0
0.09090909090909091,0.878968253968254,0.09615384615384616,0.11363546683211789,0
0.05504587155963303,0.8888888888888888,0.05555555555555555,0.08521078076432262,0
0.03883495145631068,0.9265873015873016,0.04081632653061224,0.0795036574793388,0
0.05714285714285714,0.9067460317460317,0.06,0.12563156899302022,0
0.019047619047619046,0.9305555555555556,0.019230769230769232,0.1869008256033899,0
0.056074766355140186,0.9126984126984127,0.057692307692307696,0.1379050462173894,0
0.038461538461538464,0.9345238095238095,0.04081632653061224,0.1537112243343629,0
0.038461538461538464,0.9246031746031746,0.04,0.12203694384365588,0
0.03809523809523809,0.9186507936507936,0.0392156862745098,0.28217259203842754,0
0.05660377358490566,0.9126984126984127,0.058823529411764705,0.20165022977863134,0
0.01941747572815534,0.9305555555555556,0.02,0.11383332255474712,0
0.05504587155963303,0.8988095238095238,0.05555555555555555,0.11754386100952352,0
0.07079646017699115,0.8650793650793651,0.07017543859649122,0.10643408945653081,0
0.01941747572815534,0.9325396825396826,0.02,0.17624567184671386,0
0.07476635514018691,0.9186507936507936,0.0784313725490196,0.20833124196021302,0
0.09345794392523366,0.9007936507936508,0.08,0.12370050762059775,0
0.038461538461538464,0.9107142857142857,0.04,0.1000906032193323,0
0.07476635514018691,0.9067460317460317,0.0784313725490196,0.1981336695573088,0
0.037383177570093455,0.8968253968253969,0.03773584905660377,0.18810189351802192,0
0.05504587155963303,0.8948412698412699,0.037037037037037035,0.14864367431742798,0
0.03809523809523809,0.9067460317460317,0.0392156862745098,0.1981785244987075,0
0.07476635514018691,0.9007936507936508,0.0392156862745098,0.12071142983103311,0
0.038461538461538464,0.9146825396825397,0.04,0.07276742807935452,0
0.019801980198019802,0.9523809523809523,0.020833333333333332,0.08966639506189664,0
0.019230769230769232,0.9226190476190477,0.0196078431372549,0.09460214803032116,0
0.03669724770642201,0.8888888888888888,0.05555555555555555,0.15644517145824052,0
0.01941747572815534,0.9285714285714286,0.02,0.13645737937184996,0
0.07547169811320754,0.9186507936507936,0.06,0.22317341770651444,0
0.058823529411764705,0.9384920634920635,0.041666666666666664,0.44755703902730753,0
0.037383177570093455,0.9007936507936508,0.03773584905660377,0.23270876204493157,0
0.07547169811320754,0.9146825396825397,0.06,0.21741146800255984,0
0.07476635514018691,0.9206349206349206,0.0784313725490196,0.12506128207472578,0
0.03883495145631068,0.9424603174603174,0.04081632653061224,0.1926752813236243,0
0.03883495145631068,0.9285714285714286,0.04081632653061224,0.21489052585517432,0
0.0392156862745098,0.9345238095238095,0.041666666666666664,0.1629001931440689,0
0.038461538461538464,0.9305555555555556,0.04,0.1692785738662939,0
0.057692307692307696,0.9186507936507936,0.061224489795918366,0.037321391586502425,0
0.01941747572815534,0.9404761904761905,0.02,0.12496851095975625,0
0.05714285714285714,0.9206349206349206,0.06,0.16918497393560827,0
0.038461538461538464,0.9186507936507936,0.04,0.17373395929188298,0
0.0196078431372549,0.9424603174603174,0.020833333333333332,0.20456170569920462,0
0.019230769230769232,0.9146825396825397,0.0196078431372549,0.07630552493076839,0
0.057692307692307696,0.9226190476190477,0.04,0.13248701757347342,0
0.01941747572815534,0.9206349206349206,0.02,0.2994185966367565,0
0.07272727272727272,0.8849206349206349,0.07547169811320754,0.12044862671769797,0
0.2916666666666667,0.6648501362397821,0.15294117647058825,0.6581666520596212,1
0.4225352112676056,0.6376021798365122,0.22784810126582278,0.7426529567011602,1
0.3597122302158273,0.6457765667574932,0.1625,0.6866347473183203,1
0.48920863309352514,0.6485013623978202,0.23376623376623376,0.8261044523354011,1
0.4592592592592593,0.5749318801089919,0.2328767123287671,0.815721922630363,1
0.411764705882353,0.6948228882833788,0.20253164556962025,0.6961171939220498,1
0.47692307692307695,0.6321525885558583,0.25,0.8159308286964099,1
0.4142857142857143,0.6430517711171662,0.21518987341772153,0.7858450958852976,1
0.32592592592592595,0.6866485013623979,0.13414634146341464,0.7425373818316627,1
0.5093167701863355,0.5011547344110855,0.26582278481012656,0.8375460883724964,1
0.24242424242424243,0.6811989100817438,0.15584415584415584,0.6820544217716589,1
0.2635658914728682,0.7247956403269755,0.15384615384615385,0.6382644064111387,1
0.2518518518518518,0.6512261580381471,0.18181818181818182,0.6983770415559827,1
0.22900763358778628,0.6893732970027248,0.1375,0.7133884820762935,1
0.203125,0.6920980926430518,0.16883116883116883,0.6269284744745574,1
0.2677165354330709,0.670299727520436,0.1282051282051282,0.7029583651285708,1
0.3308270676691729,0.659400544959128,0.23684210526315788,0.6741254099798111,1
0.27941176470588236,0.667574931880109,0.1794871794871795,0.6603227726920766,1
0.2571428571428571,0.7247956403269755,0.1728395061728395,0.6980770274335485,1
0.2627737226277373,0.6566757493188011,0.1625,0.6117757559360265,1
0.29333333333333333,0.7479674796747967,0.9166666666666666,0.8190240910615576,1
0.26666666666666666,0.7262872628726287,0.9166666666666666,0.8539559297572856,1
0.32,0.7479674796747967,0.9166666666666666,0.8208845131776361,1
0.08,0.8075880758807588,0.022222222222222223,0.04792692863265978,1
0.08,0.8065395095367848,0.022222222222222223,0.0628504825297882,1
0.02962962962962963,0.7901907356948229,0.010416666666666666,0.10741825071765079,1
0.10666666666666669,0.670299727520436,0.022222222222222223,0.06389229732557732,1
0.30666666666666664,0.7193460490463215,1.0,0.819716333260667,1
0.09333333333333334,0.784741144414169,0.02247191011235955,0.06728430062484274,1
0.7733333333333333,0.44686648501362397,1.0,0.9924235413383478,1
0.21428571428571425,0.9019073569482289,0.1956521739130435,0.6181777340361104,1
0.3695652173913044,0.771117166212534,0.30434782608695654,0.6690989101665248,1
0.33333333333333337,0.8147138964577657,0.2826086956521739,0.5191637332916754,1
0.3516483516483517,0.771117166212534,0.34782608695652173,0.6389222751002459,1
0.3870967741935484,0.7520435967302452,0.34782608695652173,0.7722182623664199,1
0.43750000000000006,0.7002724795640327,0.391304347826087,0.7935329985876176,1
0.5849056603773585,0.6103542234332425,0.4782608695652174,0.8139895068491618,1
0.48484848484848486,0.6839237057220708,0.3695652173913043,0.6481201046911118,1
0.4693877551020408,0.7002724795640327,0.41304347826086957,0.7657005752662562,1
0.5436893203883496,0.6185286103542235,0.4782608695652174,0.6783684328618472,1
0.12371134020618556,0.7983651226158038,0.08064516129032258,0.5557114386818796,0
0.10416666666666667,0.7874659400544959,0.09836065573770492,0.38532161039363305,0
0.06122448979591836,0.8010899182561307,0.06557377049180328,0.36648530403263435,0
0.10204081632653061,0.7901907356948229,0.09523809523809523,0.36376233003040126,0
0.12121212121212122,0.7901907356948229,0.11475409836065574,0.4658745026248873,0
0.07920792079207922,0.773841961852861,0.06060606060606061,0.40439740437982896,0
0.1,0.779291553133515,0.09836065573770492,0.3746619773418145,0
0.10526315789473685,0.8038147138964578,0.08333333333333333,0.46798802009264134,0
0.08333333333333333,0.8119891008174387,0.06557377049180328,0.45146377924633224,0
0.06593406593406594,0.8283378746594006,0.03389830508474576,0.3583775903306596,0
0.044444444444444446,0.8365122615803815,0.05172413793103448,0.3360302254581452,0
0.10416666666666667,0.8038147138964578,0.11666666666666667,0.43736364120937854,0
0.0625,0.7901907356948229,0.047619047619047616,0.43695834062935757,0
0.10416666666666667,0.8038147138964578,0.09836065573770492,0.6120178633268352,0
0.06818181818181819,0.8446866485013624,0.017241379310344827,0.327954295536829,0
0.10638297872340426,0.8092643051771117,0.04918032786885246,0.3966870232986905,0
0.09090909090909093,0.8610354223433242,0.07272727272727272,0.308933070313943,0
0.10752688172043011,0.8092643051771117,0.06779661016949153,0.4242888528212678,0
0.06521739130434782,0.8010899182561307,0.01639344262295082,0.4335311176912806,0
0.08888888888888889,0.8365122615803815,0.07017543859649122,0.4470680866955826,0
0.08333333333333333,0.7929155313351499,0.047619047619047616,0.3433102770696955,0
0.08602150537634408,0.8201634877384196,0.08620689655172414,0.4828258773624594,0
0.10416666666666667,0.8119891008174387,0.09836065573770492,0.4315060767690244,0
0.12903225806451613,0.8174386920980926,0.0847457627118644,0.5178694226972375,0
0.0898876404494382,0.8256130790190735,0.05263157894736842,0.47115045280183276,0
0.15384615384615383,0.8201634877384196,0.10714285714285714,0.49474584276108874,0
0.08791208791208792,0.8419618528610354,0.05172413793103448,0.5102212141585003,0
0.08695652173913045,0.8256130790190735,0.10714285714285714,0.41586528308342846,0
0.08602150537634408,0.8147138964577657,0.05,0.3886367089788785,0
0.06818181818181819,0.8310626702997275,0.05357142857142857,0.23952020715962152,0
0.13186813186813187,0.8392370572207084,0.07017543859649122,0.4439265731248727,0
0.04651162790697675,0.8474114441416893,0.017857142857142856,0.40369242029880303,0
0.10309278350515463,0.7983651226158038,0.06557377049180328,0.49687425182747735,0
0.11363636363636365,0.8283378746594006,0.07272727272727272,0.3501382649268494,0
0.08791208791208792,0.8392370572207084,0.05172413793103448,0.42445764037258177,0
0.10752688172043011,0.8228882833787466,0.10526315789473684,0.4254835383993776,0
0.12631578947368421,0.8065395095367848,0.08333333333333333,0.4635407217079256,0
0.06521739130434782,0.8228882833787466,0.05,0.5337138156467931,0
0.06896551724137932,0.8583106267029973,0.05454545454545454,0.47827072804501847,0
0.06521739130434782,0.8337874659400545,0.03333333333333333,0.40243730283321194,0
0.10752688172043011,0.8310626702997275,0.07017543859649122,0.36217312479342945,0
0.09195402298850575,0.8610354223433242,0.07407407407407407,0.38753950336811793,0
0.08888888888888889,0.8337874659400545,0.05172413793103448,0.2589202228893044,0
